<?xml version="1.0" encoding="UTF-8"?>
<findings>
  <finding type="CCE_CC_NON_ATOMIC_GCP">
    <locations>
      <instruction className="com.magenic.jmaqs.base.BaseExtendableTest" method="setTestObject" offset="12" desc="(Lcom/magenic/jmaqs/base/BaseTestObject;)V" key="0" label="put" filename="BaseExtendableTest.java" line="34"/>
      <instruction className="com.magenic.jmaqs.base.BaseExtendableTest" method="setTestObject" offset="5" desc="(Lcom/magenic/jmaqs/base/BaseTestObject;)V" key="1" label="get" filename="BaseExtendableTest.java" line="32"/>
      <instruction className="com.magenic.jmaqs.base.BaseExtendableTest" method="setTestObject" offset="6" desc="(Lcom/magenic/jmaqs/base/BaseTestObject;)V" key="2" label="check" filename="BaseExtendableTest.java" line="32"/>
    </locations>
    <info>
      <message value="Non-atomic use of get/check/put">
        <location key="0" message="Put into collection"/>
        <location key="1" message="Get from map"/>
        <location key="2" message="Check for null value"/>
      </message>
    </info>
  </finding>
  <finding type="CCE_CC_NON_ATOMIC_CP">
    <locations>
      <instruction className="com.magenic.jmaqs.base.BaseTestObject" method="setObject" offset="9" desc="(Ljava/lang/String;Ljava/lang/Object;)V" key="0" label="put" filename="BaseTestObject.java" line="205"/>
      <instruction className="com.magenic.jmaqs.base.BaseTestObject" method="setObject" offset="3" desc="(Ljava/lang/String;Ljava/lang/Object;)V" key="1" label="check" filename="BaseTestObject.java" line="204"/>
    </locations>
    <info>
      <message value="Non-atomic use of check/put">
        <location key="0" message="Problem location"/>
        <location key="1" message="Content check"/>
      </message>
    </info>
  </finding>
  <finding type="CCE_CC_NON_ATOMIC_CP">
    <locations>
      <instruction className="com.magenic.jmaqs.base.BaseTestObject" method="setObject" offset="16" desc="(Ljava/lang/String;Ljava/lang/Object;)V" key="0" label="put" filename="BaseTestObject.java" line="207"/>
      <instruction className="com.magenic.jmaqs.base.BaseTestObject" method="setObject" offset="3" desc="(Ljava/lang/String;Ljava/lang/Object;)V" key="1" label="check" filename="BaseTestObject.java" line="204"/>
    </locations>
    <info>
      <message value="Non-atomic use of check/put">
        <location key="0" message="Problem location"/>
        <location key="1" message="Content check"/>
      </message>
    </info>
  </finding>
  <finding type="CCE_CC_NON_ATOMIC_CP">
    <locations>
      <instruction className="com.magenic.jmaqs.base.BaseTestObject" method="setValue" offset="9" desc="(Ljava/lang/String;Ljava/lang/String;)V" key="0" label="put" filename="BaseTestObject.java" line="191"/>
      <instruction className="com.magenic.jmaqs.base.BaseTestObject" method="setValue" offset="3" desc="(Ljava/lang/String;Ljava/lang/String;)V" key="1" label="check" filename="BaseTestObject.java" line="190"/>
    </locations>
    <info>
      <message value="Non-atomic use of check/put">
        <location key="0" message="Problem location"/>
        <location key="1" message="Content check"/>
      </message>
    </info>
  </finding>
  <finding type="CCE_CC_NON_ATOMIC_CP">
    <locations>
      <instruction className="com.magenic.jmaqs.base.BaseTestObject" method="setValue" offset="16" desc="(Ljava/lang/String;Ljava/lang/String;)V" key="0" label="put" filename="BaseTestObject.java" line="193"/>
      <instruction className="com.magenic.jmaqs.base.BaseTestObject" method="setValue" offset="3" desc="(Ljava/lang/String;Ljava/lang/String;)V" key="1" label="check" filename="BaseTestObject.java" line="190"/>
    </locations>
    <info>
      <message value="Non-atomic use of check/put">
        <location key="0" message="Problem location"/>
        <location key="1" message="Content check"/>
      </message>
    </info>
  </finding>
</findings>